vRange: ,200
iLimit: ,0.02
iRange: ,
nplc: ,1,delay: ,0.5
data Number:,11
V_meas,I,abs_I
-0.00284987,-1.4754e-12,1.4754e-12
0.0985204,1.90333e-12,1.90333e-12
0.199747,2.13668e-12,2.13668e-12
0.297829,2.22647e-12,2.22647e-12
0.399326,2.23926e-12,2.23926e-12
0.500539,2.10305e-12,2.10305e-12
0.598948,1.98686e-12,1.98686e-12
0.699663,2.16796e-12,2.16796e-12
0.797902,1.88748e-12,1.88748e-12
0.899107,2.29402e-12,2.29402e-12
1.00048,2.34127e-12,2.34127e-12
