vRange: ,200
iLimit: ,0.02
iRange: ,
nplc: ,1,delay: ,0.05
data Number:,11
V_meas,I,abs_I
-0.00426057,-1.96497e-13,1.96497e-13
0.0970544,6.21929e-11,6.21929e-11
0.198439,7.84933e-11,7.84933e-11
0.296081,8.04031e-11,8.04031e-11
0.397381,8.13077e-11,8.13077e-11
0.499043,8.17774e-11,8.17774e-11
0.596607,7.58684e-11,7.58684e-11
0.697664,7.53197e-11,7.53197e-11
0.795876,7.37285e-11,7.37285e-11
0.897175,7.4071e-11,7.4071e-11
0.998659,7.36944e-11,7.36944e-11
